Qty,Line Item,Manufacturer,MPN,Octopart URL,Schematic Reference,Internal Part Number,Description,Total Qty (@ Batch Size: 100),SKU,SKU,SKU,SKU,SKU,SKU,Packaging,Packaging,Packaging,Packaging,Packaging,Packaging,Unit Price (@ Batch Size: 100),Unit Price (@ Batch Size: 100),Unit Price (@ Batch Size: 100),Unit Price (@ Batch Size: 100),Unit Price (@ Batch Size: 100),Unit Price (@ Batch Size: 100),In Stock,In Stock,In Stock,In Stock,In Stock,In Stock,MOQ,MOQ,MOQ,MOQ,MOQ,MOQ,URL,URL,URL,URL,URL,URL,Distributor [Lowest Price (Overall)],SKU [Lowest Price (Overall)],Packaging [Lowest Price (Overall)],Unit Price (@ Batch Size: 100) [Lowest Price (Overall)],Line Total [Lowest Price (Overall)],Batch Total [Lowest Price (Overall)],In Stock [Lowest Price (Overall)],MOQ [Lowest Price (Overall)],URL [Lowest Price (Overall)],Notes
,,,,,,,,,Arrow,Digi-Key,microchipDIRECT,Mouser,Newark,Verical,Arrow,Digi-Key,microchipDIRECT,Mouser,Newark,Verical,Arrow,Digi-Key,microchipDIRECT,Mouser,Newark,Verical,Arrow,Digi-Key,microchipDIRECT,Mouser,Newark,Verical,Arrow,Digi-Key,microchipDIRECT,Mouser,Newark,Verical,Arrow,Digi-Key,microchipDIRECT,Mouser,Newark,Verical,,,,,,,,,,
5,CL10B225KP8NNNC,Samsung,CL10B225KP8NNNC,https://octopart.com/cl10b225kp8nnnc-samsung-19831669,"C1,C2,C5,C11,C15",,2.2uf 10V X7R 10%,500,CL10B225KP8NNNC**MULT1,1276-1134-1-ND,,,,CL10B225KP8NNNC,Cut Tape,Cut Tape,,,,,0.0263,0.03858,,,,,5611,307827,,,,8000,1,1,,,,4033,https://octopart.com/click/track?country=US&ak=68b25f31&sig=008eb1a&sid=1106&ppid=19831669&vpid=48121049&ct=offers,https://octopart.com/click/track?country=US&ak=68b25f31&sig=0f63fb3&sid=459&ppid=19831669&vpid=72524202&ct=offers,,,,https://octopart.com/click/track?country=US&ak=68b25f31&sig=0c70f1b&sid=5489&ppid=19831669&vpid=452365568&ct=offers,TME,CL10B225KP8NNNC,,0.02291,0.11455,11.455,48800,100,https://octopart.com/click/track?country=US&ak=68b25f31&sig=0cf0e66&sid=1532&ppid=19831669&vpid=127256834&ct=offers,
2,GRM155R71E104KE14D,Murata,GRM155R71E104KE14D,https://octopart.com/grm155r71e104ke14d-murata-29093091,"C10,C14",,.1uF 25V X7R 10%,200,GRM155R71E104KE14D**MULT,490-10698-1-ND,,GRM155R71E104KE14D,31Y1751,,,Cut Tape,,,Cut Tape,,0.0092,0.0136,,0.014,0.014,,4885,0,,1355468,0,,1,1,,,10,,https://octopart.com/click/track?country=US&ak=68b25f31&sig=078a7d7&sid=1106&ppid=29093091&vpid=265705773&ct=offers,https://octopart.com/click/track?country=US&ak=68b25f31&sig=041cebf&sid=459&ppid=29093091&vpid=210890658&ct=offers,,https://octopart.com/click/track?country=US&ak=68b25f31&sig=00dc2ed&sid=2401&ppid=29093091&vpid=182054651&ct=offers,https://octopart.com/click/track?c=1&country=US&ak=68b25f31&sig=01b6b1f&sid=2402&ppid=29093091&vpid=181223492&ct=offers,,Arrow,GRM155R71E104KE14D**MULT,,0.0092,0.0184,1.8399999999999999,4885,1,https://octopart.com/click/track?country=US&ak=68b25f31&sig=078a7d7&sid=1106&ppid=29093091&vpid=265705773&ct=offers,
3,GRM31C5C1E104JA01L,Murata,GRM31C5C1E104JA01L,https://octopart.com/grm31c5c1e104ja01l-murata-196479,"C3,C4,C8",,.1uF 25V  5%,300,,490-1767-1-ND,,GRM31C5C1E104JA01L,38K1706,,,Cut Tape,,,Cut Tape,,,0.167,,0.147,0.118,,,0,,0,0,,,1,,1,1,,,https://octopart.com/click/track?country=US&ak=68b25f31&sig=03670cf&sid=459&ppid=196479&vpid=1855197&ct=offers,,https://octopart.com/click/track?url=https%3A%2F%2Fwww.mouser.com%2FSearch%2FProductDetail.aspx%3Fqs%3DIy3qAC6%252fTQjjy5bmw5NuQw%253d%253d%26utm_source%3Doctopart%26utm_medium%3Daggregator%26utm_campaign%3DGRM31C5C1E104JA01L%26utm_term%3DGRM31C5C1E104JA01L%26utm_content%3DMurata+Electronics&country=US&ak=68b25f31&sig=06de484&sid=2401&ppid=196479&ct=offers,https://octopart.com/click/track?c=1&country=US&ak=68b25f31&sig=0cb46c7&sid=2402&ppid=196479&vpid=6625361&ct=offers,,TME,GRM31C5C1E104JA01L,,0.11159,0.33477,33.477,0,5,https://octopart.com/click/track?country=US&ak=68b25f31&sig=0b08675&sid=1532&ppid=196479&vpid=254307184&ct=offers,
1,TCJB106M035R0200,AVX,TCJB106M035R0200,https://octopart.com/tcjb106m035r0200-avx-22061404,C6,,10UF 35V TANT 20%  200mOhm,100,TCJB106M035R0200**MULT1,478-9409-1-ND,,TCJB106M035R0200,38Y8238,TCJB106M035R0200,Cut Tape,Cut Tape,,,Cut Tape,,0.4614,0.5011,,0.412,0.412,,3908,73093,,6725,4044,3908,1,1,,,1,129,https://octopart.com/click/track?country=US&ak=68b25f31&sig=05b597e&sid=1106&ppid=22061404&vpid=228691297&ct=offers,https://octopart.com/click/track?country=US&ak=68b25f31&sig=04808c8&sid=459&ppid=22061404&vpid=162919715&ct=offers,,https://octopart.com/click/track?country=US&ak=68b25f31&sig=01360d3&sid=2401&ppid=22061404&vpid=46538083&ct=offers,https://octopart.com/click/track?country=US&ak=68b25f31&sig=098252a&sid=2402&ppid=22061404&vpid=182390608&ct=offers,https://octopart.com/click/track?country=US&ak=68b25f31&sig=02b57fd&sid=5489&ppid=22061404&vpid=452585089&ct=offers,TTI,TCJB106M035R0200.,,0.409,0.409,40.9,430,,https://octopart.com/click/track?country=US&ak=68b25f31&sig=0ddc6b1&sid=950&ppid=22061404&vpid=228198287&ct=offers,
1,CL05C102JA5NNNC,Samsung,CL05C102JA5NNNC,https://octopart.com/cl05c102ja5nnnc-samsung-23919121,C7,,1000pF 25V COG 5%,100,,1276-1634-1-ND,,,,,,Cut Tape,,,,,,0.0243,,,,,,38796,,,,,,1,,,,,,https://octopart.com/click/track?country=US&ak=68b25f31&sig=01d58ac&sid=459&ppid=23919121&vpid=72523081&ct=offers,,,,,Digi-Key,1276-1634-1-ND,Cut Tape,0.0243,0.0243,2.4299999999999997,38796,1,https://octopart.com/click/track?country=US&ak=68b25f31&sig=01d58ac&sid=459&ppid=23919121&vpid=72523081&ct=offers,
3,CL31B226MPHNNNE,Samsung,CL31B226MPHNNNE,https://octopart.com/cl31b226mphnnne-samsung-24958443,"C9,C12,C13",,22uf 10V X7R 20%,300,CL31B226MPHNNNE**MULT1,1276-3148-1-ND,,,,CL31B226MPHNNNE,Cut Tape,Cut Tape,,,,,0.1583,0.1894,,,,,6984,86512,,,,6984,1,1,,,,432,https://octopart.com/click/track?country=US&ak=68b25f31&sig=0324aae&sid=1106&ppid=24958443&vpid=418999604&ct=offers,https://octopart.com/click/track?country=US&ak=68b25f31&sig=0bd822c&sid=459&ppid=24958443&vpid=72528346&ct=offers,,,,https://octopart.com/click/track?country=US&ak=68b25f31&sig=0ca35ef&sid=5489&ppid=24958443&vpid=430006489&ct=offers,Arrow,CL31B226MPHNNNE**MULT1,Cut Tape,0.1583,0.4749,47.49,6984,1,https://octopart.com/click/track?country=US&ak=68b25f31&sig=0324aae&sid=1106&ppid=24958443&vpid=418999604&ct=offers,
4,PMEG3010CEJ,NXP Semiconductors,PMEG3010CEJ,https://octopart.com/pmeg3010cej-nxp+semiconductors-10323741,"D1,D3,D4,D6",,1A 30V  very low Vf,400,,,,,,,,,,,,,,,,,,,,,,,,,,,,,,,,,,,,,,,,,,,,
1,APTB1612SURKCGKC-F01,Kingbright,APTB1612SURKCGKC-F01,https://octopart.com/aptb1612surkcgkc-f01-kingbright-5355648,D13,,"LED DUAL 0603-5-6,  red 1.95v, green 2.1v",100,,754-1652-1-ND,,APTB1612SURKCGKC-F01,,,,Cut Tape,,,,,,0.2534,,0.166,,,,20317,,3651,,,,1,,,,,,https://octopart.com/click/track?country=US&ak=68b25f31&sig=0c7f6d2&sid=459&ppid=5355648&vpid=81528906&ct=offers,,https://octopart.com/click/track?country=US&ak=68b25f31&sig=06e0bd3&sid=2401&ppid=5355648&vpid=37688714&ct=offers,,,Allied Electronics,70062865,Bulk,0.086,0.086,8.6,1554,1,https://octopart.com/click/track?country=US&ak=68b25f31&sig=03c8304&sid=14&ppid=5355648&vpid=46727871&ct=offers,
2,RB521CM-30,,,,"D2,D5",,30-200mA 30V,200,,,,,,,,,,,,,,,,,,,,,,,,,,,,,,,,,,,,,,,,,,,,,,
1,XPEBPA-L1-0000-00C01,Cree,XPEBPA-L1-0000-00C01,https://octopart.com/xpebpa-l1-0000-00c01-cree-34829454,D7,,XPEBPA-L1 PC-Amber,100,XPEBPA-L1-0000-00C01**MU,XPEBPA-L1-0000-00C01CT-ND,,XPEBPA-L1-0000-00C01,33X1231,XPEBPA-L1-0000-00C01,,Cut Tape,,,,,1.872,2.006,,2.71,,1.872,1063,1965,,240,0,1063,1,1,,,1000,21,https://octopart.com/click/track?country=US&ak=68b25f31&sig=0e35773&sid=1106&ppid=34829454&vpid=178248117&ct=offers,https://octopart.com/click/track?country=US&ak=68b25f31&sig=02fc9f0&sid=459&ppid=34829454&vpid=431870301&ct=offers,,https://octopart.com/click/track?country=US&ak=68b25f31&sig=0d79f38&sid=2401&ppid=34829454&vpid=187738983&ct=offers,https://octopart.com/click/track?c=1&country=US&ak=68b25f31&sig=0b278b9&sid=2402&ppid=34829454&vpid=120823646&ct=offers,https://octopart.com/click/track?country=US&ak=68b25f31&sig=0e09f41&sid=5489&ppid=34829454&vpid=450052519&ct=offers,Verical,XPEBPA-L1-0000-00C01,,1.872,1.872,187.20000000000002,1063,21,https://octopart.com/click/track?country=US&ak=68b25f31&sig=0e09f41&sid=5489&ppid=34829454&vpid=450052519&ct=offers,
4,MP-3030-1100-27-80,Luminus Devices,MP-3030-1100-27-80,https://octopart.com/mp-3030-1100-27-80-luminus+devices-67040484,"D8,D9,D10,D11",,MP-3030-1100-27-80  2700K  80CRI,400,,1214-1334-1-ND,,MP-3030-1100-27-80,,,,Cut Tape,,,,,,0.1306,,0.119,,,,12431,,0,,,,1,,,,,,https://octopart.com/click/track?country=US&ak=68b25f31&sig=0d4bd60&sid=459&ppid=67040484&vpid=240711283&ct=offers,,https://octopart.com/click/track?country=US&ak=68b25f31&sig=0110356&sid=2401&ppid=67040484&vpid=454163125&ct=offers,,,Mouser,MP-3030-1100-27-80,,0.119,0.476,47.599999999999994,0,,https://octopart.com/click/track?country=US&ak=68b25f31&sig=0110356&sid=2401&ppid=67040484&vpid=454163125&ct=offers,
1,GRPB051VWVN-RC,Sullins,GRPB051VWVN-RC,https://octopart.com/grpb051vwvn-rc-sullins-12270444,J3,,".05""",100,,S9014E-05-ND,,,,,,Box,,,,,,0.2857,,,,,,15828,,,,,,1,,,,,,https://octopart.com/click/track?country=US&ak=68b25f31&sig=0c1f2a2&sid=459&ppid=12270444&vpid=33973667&ct=offers,,,,,Digi-Key,S9014E-05-ND,Box,0.2857,0.2857,28.57,15828,1,https://octopart.com/click/track?country=US&ak=68b25f31&sig=0c1f2a2&sid=459&ppid=12270444&vpid=33973667&ct=offers,
1,NRS4018T2R2MDGJ,Taiyo Yuden,NRS4018T2R2MDGJ,https://octopart.com/nrs4018t2r2mdgj-taiyo+yuden-20047227,L1,,2.2uH 4x4mm 50mOhm,100,NRS4018T2R2MDGJ**MULT1,587-2890-1-ND,,NRS4018T2R2MDGJ,46T8557,NRS4018T2R2MDGJ,Cut Tape,Cut Tape,,,Cut Tape,,0.2092,0.1793,,0.171,0.171,0.2625,1755,44982,,19525,3042,1564,1,1,,1,1,96,https://octopart.com/click/track?url=https%3A%2F%2Fwww.arrow.com%2Fen%2Fproducts%2Fnrs4018t2r2mdgj%2Ftaiyo-yuden&country=US&ak=68b25f31&sig=08c9fab&sid=1106&ppid=20047227&ct=offers,https://octopart.com/click/track?country=US&ak=68b25f31&sig=0ad53f8&sid=459&ppid=20047227&vpid=37567519&ct=offers,,https://octopart.com/click/track?url=https%3A%2F%2Fwww.mouser.com%2FSearch%2FProductDetail.aspx%3Fqs%3DPzICbMaShUc4o9d3yFoIrQ%253d%253d%26utm_source%3Doctopart%26utm_medium%3Daggregator%26utm_campaign%3DNRS4018T2R2MDGJ%26utm_term%3DNRS4018T2R2MDGJ%26utm_content%3DTaiyo+Yuden&country=US&ak=68b25f31&sig=02c2151&sid=2401&ppid=20047227&ct=offers,https://octopart.com/click/track?country=US&ak=68b25f31&sig=0fca0c8&sid=2402&ppid=20047227&vpid=39220753&ct=offers,https://octopart.com/click/track?country=US&ak=68b25f31&sig=0c565ec&sid=5489&ppid=20047227&vpid=401818957&ct=offers,Chip One Stop Japan,C1S758100259445,Cut Tape,0.139,0.139,13.900000000000002,1564,25,https://octopart.com/click/track?country=US&ak=68b25f31&sig=01ac281&sid=13512&ppid=20047227&vpid=280498443&ct=offers,
1,ALS-PT19-315C/L177/TR8,Everlight,ALS-PT19-315C/L177/TR8,https://octopart.com/als-pt19-315c%2Fl177%2Ftr8-everlight-10469813,OT1,,OPTO TRAN 0603 ambient light sensor,100,ALS-PT19-315C/L177/TR8**M,1080-1244-1-ND,,,,ALS-PT19-315C/L177/TR8,,Cut Tape,,,,,0.2705,0.3062,,,,,9351,110685,,,,9351,1,1,,,,272,https://octopart.com/click/track?country=US&ak=68b25f31&sig=05ace79&sid=1106&ppid=10469813&vpid=268434150&ct=offers,https://octopart.com/click/track?country=US&ak=68b25f31&sig=0c1f9fe&sid=459&ppid=10469813&vpid=38983163&ct=offers,,,,https://octopart.com/click/track?country=US&ak=68b25f31&sig=049a412&sid=5489&ppid=10469813&vpid=452585463&ct=offers,Arrow,ALS-PT19-315C/L177/TR8**M,,0.2705,0.2705,27.05,9351,1,https://octopart.com/click/track?country=US&ak=68b25f31&sig=05ace79&sid=1106&ppid=10469813&vpid=268434150&ct=offers,
1,SSM3K15AMFV,Toshiba,SSM3K15AMFV,https://octopart.com/ssm3k15amfv-toshiba-22485795,Q1,,NPN_NFET_SOT723_B_DEV 30v Vgs-20v,100,,,,,,,,,,,,,,,,,,,,,,,,,,,,,,,,,,,,,,,,,,,,
6,RC0402FR-0710KL,Yageo,RC0402FR-0710KL,https://octopart.com/rc0402fr-0710kl-yageo-55458461,"R1,R4,R8,R9,R13,R17",,10k 1%,600,RC0402FR-0710KL**MULT1,311-10.0KLRCT-ND,,RC0402FR-0710KL,98K7499,RC0402FR-0710KL,Cut Tape,Cut Tape,,,Cut Tape,,0.0032,0.0056,,0.003,0.004,,7386,5364966,,2568101,31046,147959,1,1,,,10,6623,https://octopart.com/click/track?country=US&ak=68b25f31&sig=0de9e08&sid=1106&ppid=55458461&vpid=198666407&ct=offers,https://octopart.com/click/track?country=US&ak=68b25f31&sig=0797307&sid=459&ppid=55458461&vpid=188128756&ct=offers,,https://octopart.com/click/track?country=US&ak=68b25f31&sig=02abcbe&sid=2401&ppid=55458461&vpid=187885208&ct=offers,https://octopart.com/click/track?country=US&ak=68b25f31&sig=01bfdcc&sid=2402&ppid=55458461&vpid=230088746&ct=offers,https://octopart.com/click/track?country=US&ak=68b25f31&sig=083d62f&sid=5489&ppid=55458461&vpid=451916485&ct=offers,LCSC,C60490,,0.0017,0.010199999999999999,1.02,1137700,100,https://octopart.com/click/track?country=US&ak=68b25f31&sig=01f3ec6&sid=27971&ppid=55458461&vpid=445986246&ct=offers,
1,RC0402FR-071KL,Yageo,RC0402FR-071KL,https://octopart.com/rc0402fr-071kl-yageo-55402862,R10,,1k 1%,100,RC0402FR-071KL,311-1.00KLRCT-ND,,RC0402FR-071KL,98K7497,RC0402FR-071KL,,Cut Tape,,,,,,0.0056,,0.003,0.001,,21900000,23643441,,1738923,0,7579,10000,1,,1,,5572,https://octopart.com/click/track?country=US&ak=68b25f31&sig=0c4e2ad&sid=1106&ppid=55402862&vpid=198666512&ct=offers,https://octopart.com/click/track?country=US&ak=68b25f31&sig=03663cb&sid=459&ppid=55402862&vpid=188128775&ct=offers,,https://octopart.com/click/track?url=https%3A%2F%2Fwww.mouser.com%2FSearch%2FProductDetail.aspx%3Fqs%3DV1yeUXFNrknDEmWLmm5v6g%253d%253d%26utm_source%3Doctopart%26utm_medium%3Daggregator%26utm_campaign%3DRC0402FR-071KL%26utm_term%3DRC0402FR-071KL%26utm_content%3DYageo&country=US&ak=68b25f31&sig=09a47c8&sid=2401&ppid=55402862&ct=offers,https://octopart.com/click/track?c=1&country=US&ak=68b25f31&sig=03a6ab5&sid=2402&ppid=55402862&vpid=20052208&ct=offers,https://octopart.com/click/track?country=US&ak=68b25f31&sig=0aeff20&sid=5489&ppid=55402862&vpid=450093125&ct=offers,Newark,98K7497,,0.001,0.001,0.1,0,,https://octopart.com/click/track?c=1&country=US&ak=68b25f31&sig=03a6ab5&sid=2402&ppid=55402862&vpid=20052208&ct=offers,
1,RC0402FR-07270RL,Yageo,RC0402FR-07270RL,https://octopart.com/rc0402fr-07270rl-yageo-42336561,R11,,270 1%,100,RC0402FR-07270RL**MULT1,311-270LRCT-ND,,RC0402FR-07270RL,98K7532,RC0402FR-07270RL,Cut Tape,Cut Tape,,,Cut Tape,,0.0049,0.0056,,0.003,0.006,,3946,569268,,265825,10942,35000,1,1,,,10,6873,https://octopart.com/click/track?country=US&ak=68b25f31&sig=03e2aa8&sid=1106&ppid=42336561&vpid=276193575&ct=offers,https://octopart.com/click/track?country=US&ak=68b25f31&sig=026dcef&sid=459&ppid=42336561&vpid=115225718&ct=offers,,https://octopart.com/click/track?country=US&ak=68b25f31&sig=08ece4f&sid=2401&ppid=42336561&vpid=116126327&ct=offers,https://octopart.com/click/track?country=US&ak=68b25f31&sig=0bc4e87&sid=2402&ppid=42336561&vpid=20052119&ct=offers,https://octopart.com/click/track?country=US&ak=68b25f31&sig=0c3fd7f&sid=5489&ppid=42336561&vpid=450093163&ct=offers,Wuhan P&S,RC0402FR-07270RL,,0.0022,0.0022,0.22,20000,,https://octopart.com/click/track?country=US&ak=68b25f31&sig=0ebb87f&sid=14968&ppid=42336561&vpid=156726793&ct=offers,
1,RC0402FR-07330RL,Yageo,RC0402FR-07330RL,https://octopart.com/rc0402fr-07330rl-yageo-41203020,R12,,330 1%,100,RC0402FR-07330RL**MULT1,311-330LRCT-ND,,RC0402FR-07330RL,98K7535,RC0402FR-07330RL,Cut Tape,Cut Tape,,,Cut Tape,,0.0047,0.0056,,0.003,0.006,,14496,0,,440586,20729,35000,1,1,,,10,6873,https://octopart.com/click/track?country=US&ak=68b25f31&sig=0745a4f&sid=1106&ppid=41203020&vpid=421152933&ct=offers,https://octopart.com/click/track?country=US&ak=68b25f31&sig=00d8ea7&sid=459&ppid=41203020&vpid=114982573&ct=offers,,https://octopart.com/click/track?country=US&ak=68b25f31&sig=00c00cf&sid=2401&ppid=41203020&vpid=115001584&ct=offers,https://octopart.com/click/track?country=US&ak=68b25f31&sig=017ebf4&sid=2402&ppid=41203020&vpid=20052756&ct=offers,https://octopart.com/click/track?country=US&ak=68b25f31&sig=07ffaa5&sid=5489&ppid=41203020&vpid=450124245&ct=offers,Voyager Components,RC0402FR-07330RL,,0.0015,0.0015,0.15,9360,,https://octopart.com/click/track?country=US&ak=68b25f31&sig=09cb8c8&sid=2424&ppid=41203020&vpid=439177193&ct=offers,
1,RC0402FR-073K83L,Yageo,RC0402FR-073K83L,https://octopart.com/rc0402fr-073k83l-yageo-42340044,R14,,3.83k 1%,100,RC0402FR-073K83L**MULT1,311-3.83KLRCT-ND,,RC0402FR-073K83L,,RC0402FR-073K83L,Cut Tape,Cut Tape,,,,,0.0049,0.0056,,0.003,,,9632,324431,,85437,,9000,1,1,,1,,4406,https://octopart.com/click/track?url=https%3A%2F%2Fwww.arrow.com%2Fen%2Fproducts%2Frc0402fr-073k83l%2Fyageo&country=US&ak=68b25f31&sig=04f3896&sid=1106&ppid=42340044&ct=offers,https://octopart.com/click/track?country=US&ak=68b25f31&sig=002907a&sid=459&ppid=42340044&vpid=115263463&ct=offers,,https://octopart.com/click/track?url=https%3A%2F%2Fwww.mouser.com%2FSearch%2FProductDetail.aspx%3Fqs%3DuhiLka0QEaGZwk9iwOUzXA%253d%253d%26utm_source%3Doctopart%26utm_medium%3Daggregator%26utm_campaign%3DRC0402FR-073K83L%26utm_term%3DRC0402FR-073K83L%26utm_content%3DYageo&country=US&ak=68b25f31&sig=0965938&sid=2401&ppid=42340044&ct=offers,,https://octopart.com/click/track?country=US&ak=68b25f31&sig=0e8bdbf&sid=5489&ppid=42340044&vpid=450093217&ct=offers,Wuhan P&S,RC0402FR-073K83L,,0.0022,0.0022,0.22,6400,,https://octopart.com/click/track?country=US&ak=68b25f31&sig=099ec4a&sid=14968&ppid=42340044&vpid=156726852&ct=offers,
1,NCU15WB473F60RC,Murata,NCU15WB473F60RC,https://octopart.com/ncu15wb473f60rc-murata-77081706,R15,,0402 47k @25C Bconstant(25/100C)=4xxxK 1%/1%,100,,,,NCU15WB473F60RC,,,,,,,,,,,,0.05,,,,,,18948,,,,,,,,,,,,https://octopart.com/click/track?country=US&ak=68b25f31&sig=015aa7b&sid=2401&ppid=77081706&vpid=392397841&ct=offers,,,Mouser,NCU15WB473F60RC,,0.05,0.05,5,18948,,https://octopart.com/click/track?country=US&ak=68b25f31&sig=015aa7b&sid=2401&ppid=77081706&vpid=392397841&ct=offers,
1,RC0402FR-074K7L,Yageo,RC0402FR-074K7L,https://octopart.com/rc0402fr-074k7l-yageo-42471327,R16,,4.7k 1%,100,RC0402FR-074K7L,311-4.7KLRCT-ND,,RC0402FR-074K7L,67R9933,RC0402FR-074K7L,,Cut Tape,,,Cut Tape,,,0.0056,,0.003,0.006,,5690000,3404264,,1108381,0,8770000,10000,1,,1,1,40000,https://octopart.com/click/track?country=US&ak=68b25f31&sig=0db6afc&sid=1106&ppid=42471327&vpid=198666752&ct=offers,https://octopart.com/click/track?country=US&ak=68b25f31&sig=07036b4&sid=459&ppid=42471327&vpid=115225737&ct=offers,,https://octopart.com/click/track?url=https%3A%2F%2Fwww.mouser.com%2FSearch%2FProductDetail.aspx%3Fqs%3DV1yeUXFNrkn%252fmCXC8N8TTA%253d%253d%26utm_source%3Doctopart%26utm_medium%3Daggregator%26utm_campaign%3DRC0402FR-074K7L%26utm_term%3DRC0402FR-074K7L%26utm_content%3DYageo&country=US&ak=68b25f31&sig=0ec62bc&sid=2401&ppid=42471327&ct=offers,https://octopart.com/click/track?c=1&country=US&ak=68b25f31&sig=0c7ea22&sid=2402&ppid=42471327&vpid=115423912&ct=offers,https://octopart.com/click/track?country=US&ak=68b25f31&sig=0bc85f7&sid=5489&ppid=42471327&vpid=447848506&ct=offers,LCSC,C105871,,0.0017,0.0017,0.16999999999999998,300,100,https://octopart.com/click/track?country=US&ak=68b25f31&sig=0516832&sid=27971&ppid=42471327&vpid=445986263&ct=offers,
2,RMCF0805FT2R20,Stackpole Electronics,RMCF0805FT2R20,https://octopart.com/rmcf0805ft2r20-stackpole+electronics-19210818,"R2,R3",,2.2ohm 1% .125W,200,RMCF0805FT2R20**MULT1,RMCF0805FT2R20CT-ND,,,,,Cut Tape,Cut Tape,,,,,0.0092,0.0095,,,,,3861,51037,,,,,1,1,,,,,https://octopart.com/click/track?country=US&ak=68b25f31&sig=0d46c73&sid=1106&ppid=19210818&vpid=260676229&ct=offers,https://octopart.com/click/track?country=US&ak=68b25f31&sig=0ac8185&sid=459&ppid=19210818&vpid=34422075&ct=offers,,,,,Arrow,RMCF0805FT2R20**MULT1,Cut Tape,0.0092,0.0184,1.8399999999999999,3861,1,https://octopart.com/click/track?country=US&ak=68b25f31&sig=0d46c73&sid=1106&ppid=19210818&vpid=260676229&ct=offers,
1,RC0402FR-07100KL,Yageo,RC0402FR-07100KL,https://octopart.com/rc0402fr-07100kl-yageo-55402861,R5,,100k 1%,100,RC0402FR-07100KL**MULT1,311-100KLRCT-ND,,RC0402FR-07100KL,67R9887,RC0402FR-07100KL,Cut Tape,Cut Tape,,,Cut Tape,,0.005,0.0056,,0.003,0.006,,4579,18935957,,3245741,0,7625,1,1,,,1,6623,https://octopart.com/click/track?url=https%3A%2F%2Fwww.arrow.com%2Fen%2Fproducts%2Frc0402fr-07100kl%2Fyageo&country=US&ak=68b25f31&sig=074fa77&sid=1106&ppid=55402861&ct=offers,https://octopart.com/click/track?country=US&ak=68b25f31&sig=04b4804&sid=459&ppid=55402861&vpid=188128750&ct=offers,,https://octopart.com/click/track?country=US&ak=68b25f31&sig=0c8f994&sid=2401&ppid=55402861&vpid=187885207&ct=offers,https://octopart.com/click/track?c=1&country=US&ak=68b25f31&sig=0f79c42&sid=2402&ppid=55402861&vpid=190899726&ct=offers,https://octopart.com/click/track?country=US&ak=68b25f31&sig=06bc1f7&sid=5489&ppid=55402861&vpid=450124214&ct=offers,Voyager Components,RC0402FR-07100KL,,0.0015,0.0015,0.15,7884,,https://octopart.com/click/track?country=US&ak=68b25f31&sig=08718fe&sid=2424&ppid=55402861&vpid=439177182&ct=offers,
1,RC0402FR-0714K3L,Yageo,RC0402FR-0714K3L,https://octopart.com/rc0402fr-0714k3l-yageo-42336445,R6,,14.3k 1%,100,RC0402FR-0714K3L**MULT1,YAG2983CT-ND,,RC0402FR-0714K3L,66R1178,RC0402FR-0714K3L,Cut Tape,Cut Tape,,,Tape & Reel,,0.0044,0.0055,,0.003,,,7443,19747,,84670,0,30000,1,1,,1,10000,20000,https://octopart.com/click/track?url=https%3A%2F%2Fwww.arrow.com%2Fen%2Fproducts%2Frc0402fr-0714k3l%2Fyageo&country=US&ak=68b25f31&sig=0fa73b8&sid=1106&ppid=42336445&ct=offers,https://octopart.com/click/track?country=US&ak=68b25f31&sig=0d40f70&sid=459&ppid=42336445&vpid=211682845&ct=offers,,https://octopart.com/click/track?url=https%3A%2F%2Fwww.mouser.com%2FSearch%2FProductDetail.aspx%3Fqs%3DI1mnnYJTTszPXGoxH1fF%25252bA%253d%253d%26utm_source%3Doctopart%26utm_medium%3Daggregator%26utm_campaign%3DRC0402FR-0714K3L%26utm_term%3DRC0402FR-0714K3L%26utm_content%3DYageo&country=US&ak=68b25f31&sig=01d9932&sid=2401&ppid=42336445&ct=offers,https://octopart.com/click/track?c=1&country=US&ak=68b25f31&sig=0f7343f&sid=2402&ppid=42336445&vpid=423936013&ct=offers,https://octopart.com/click/track?country=US&ak=68b25f31&sig=00298c5&sid=5489&ppid=42336445&vpid=449066162&ct=offers,Mouser,RC0402FR-0714K3L,,0.003,0.003,0.3,84670,1,https://octopart.com/click/track?url=https%3A%2F%2Fwww.mouser.com%2FSearch%2FProductDetail.aspx%3Fqs%3DI1mnnYJTTszPXGoxH1fF%25252bA%253d%253d%26utm_source%3Doctopart%26utm_medium%3Daggregator%26utm_campaign%3DRC0402FR-0714K3L%26utm_term%3DRC0402FR-0714K3L%26utm_content%3DYageo&country=US&ak=68b25f31&sig=01d9932&sid=2401&ppid=42336445&ct=offers,
1,RC0402FR-07806RL,Yageo,RC0402FR-07806RL,https://octopart.com/rc0402fr-07806rl-yageo-42334698,R7,,806ohm 1%,100,RC0402FR-07806RL**MULT1,YAG3239CT-ND,,RC0402FR-07806RL,66R1688,RC0402FR-07806RL,Cut Tape,Cut Tape,,,Tape & Reel,,0.0046,0.0055,,0.002,,,49850,75099,,29891,0,49850,1,1,,1,10000,35715,https://octopart.com/click/track?url=https%3A%2F%2Fwww.arrow.com%2Fen%2Fproducts%2Frc0402fr-07806rl%2Fyageo&country=US&ak=68b25f31&sig=0875408&sid=1106&ppid=42334698&ct=offers,https://octopart.com/click/track?country=US&ak=68b25f31&sig=0385e16&sid=459&ppid=42334698&vpid=211683789&ct=offers,,https://octopart.com/click/track?url=https%3A%2F%2Fwww.mouser.com%2FSearch%2FProductDetail.aspx%3Fqs%3DUOUeRUa%25252b8WnL%252faci148jHw%253d%253d%26utm_source%3Doctopart%26utm_medium%3Daggregator%26utm_campaign%3DRC0402FR-07806RL%26utm_term%3DRC0402FR-07806RL%26utm_content%3DYageo&country=US&ak=68b25f31&sig=0f6be29&sid=2401&ppid=42334698&ct=offers,https://octopart.com/click/track?c=1&country=US&ak=68b25f31&sig=07c58da&sid=2402&ppid=42334698&vpid=423936063&ct=offers,https://octopart.com/click/track?country=US&ak=68b25f31&sig=02d48da&sid=5489&ppid=42334698&vpid=418997914&ct=offers,Mouser,RC0402FR-07806RL,,0.002,0.002,0.2,29891,1,https://octopart.com/click/track?url=https%3A%2F%2Fwww.mouser.com%2FSearch%2FProductDetail.aspx%3Fqs%3DUOUeRUa%25252b8WnL%252faci148jHw%253d%253d%26utm_source%3Doctopart%26utm_medium%3Daggregator%26utm_campaign%3DRC0402FR-07806RL%26utm_term%3DRC0402FR-07806RL%26utm_content%3DYageo&country=US&ak=68b25f31&sig=0f6be29&sid=2401&ppid=42334698&ct=offers,
1,MIC4801YM,Microchip,MIC4801YM,https://octopart.com/mic4801ym-microchip-66801958,U1,,MIC4801  1 x 600mA LED driver,100,MIC4801YM,576-3856-5-ND,MIC4801YM,MIC4801YM,71Y1343,MIC4801YM,,Tube,Tube,,,,0.6337,0.609,0.58,0.58,0.58,0.6337,1115,686,9554,312,0,1115,1,1,50,,,37,https://octopart.com/click/track?country=US&ak=68b25f31&sig=0b8f895&sid=1106&ppid=66801958&vpid=416841905&ct=offers,https://octopart.com/click/track?country=US&ak=68b25f31&sig=0a3c92f&sid=459&ppid=66801958&vpid=240071351&ct=offers,https://octopart.com/click/track?country=US&ak=68b25f31&sig=04b2f3c&sid=13798&ppid=66801958&vpid=247370605&ct=offers,https://octopart.com/click/track?country=US&ak=68b25f31&sig=07b8d52&sid=2401&ppid=66801958&vpid=248328729&ct=offers,https://octopart.com/click/track?c=1&country=US&ak=68b25f31&sig=0a8852a&sid=2402&ppid=66801958&vpid=252553078&ct=offers,https://octopart.com/click/track?country=US&ak=68b25f31&sig=0daf9c0&sid=5489&ppid=66801958&vpid=441857326&ct=offers,microchipDIRECT,MIC4801YM,Tube,0.58,0.58,57.99999999999999,9554,50,https://octopart.com/click/track?country=US&ak=68b25f31&sig=04b2f3c&sid=13798&ppid=66801958&vpid=247370605&ct=offers,
1,CAT4104VP2-GT3,ON Semiconductor,CAT4104VP2-GT3,https://octopart.com/cat4104vp2-gt3-on+semiconductor-18088144,U2,,CAT4104  4 x 175mA  LED driver,100,CAT4104VP2-GT3**MULT1,CAT4104VP2-GT3OSCT-ND,,CAT4104VP2-GT3,81Y5910,CAT4104VP2-GT3,Cut Tape,Cut Tape,,,Cut Tape,,0.9734,1.075,,1.06,1.06,0.6125,7052,1017,,1528,2361,582,1,1,,1,1,100,https://octopart.com/click/track?url=https%3A%2F%2Fwww.arrow.com%2Fen%2Fproducts%2Fcat4104vp2-gt3%2Fon-semiconductor&country=US&ak=68b25f31&sig=0239790&sid=1106&ppid=18088144&ct=offers,https://octopart.com/click/track?country=US&ak=68b25f31&sig=0cf6e1b&sid=459&ppid=18088144&vpid=194411522&ct=offers,,https://octopart.com/click/track?url=https%3A%2F%2Fwww.mouser.com%2FSearch%2FProductDetail.aspx%3Fqs%3D0%252fo6Aq%25252bkNMYwhGI8mlu7OQ%253d%253d%26utm_source%3Doctopart%26utm_medium%3Daggregator%26utm_campaign%3DCAT4104VP2-GT3%26utm_term%3DCAT4104VP2-GT3%26utm_content%3DON+Semiconductor&country=US&ak=68b25f31&sig=07ffd58&sid=2401&ppid=18088144&ct=offers,https://octopart.com/click/track?country=US&ak=68b25f31&sig=0c1b91b&sid=2402&ppid=18088144&vpid=260421944&ct=offers,https://octopart.com/click/track?country=US&ak=68b25f31&sig=087f709&sid=5489&ppid=18088144&vpid=401799214&ct=offers,Chip One Stop Japan,C1S541900845958,Cut Tape,0.49,0.49,49,582,100,https://octopart.com/click/track?country=US&ak=68b25f31&sig=03ab35a&sid=13512&ppid=18088144&vpid=279238501&ct=offers,
1,TPS562201DDCT,Texas Instruments,TPS562201DDCT,https://octopart.com/tps562201ddct-texas+instruments-68059584,U3,,TPS562201  2A DC-DC switcher,100,TPS562201DDCT**MULT1,296-43699-1-ND,,TPS562201DDCT,75Y7446,TPS562201DDCT,Cut Tape,Cut Tape,,,,,0.7759,0.8599,,0.835,0.835,0.9354,85,1230,,81,0,85,1,1,,1,1,59,https://octopart.com/click/track?url=https%3A%2F%2Fwww.arrow.com%2Fen%2Fproducts%2Ftps562201ddct%2Ftexas-instruments&country=US&ak=68b25f31&sig=0377f87&sid=1106&ppid=68059584&ct=offers,https://octopart.com/click/track?country=US&ak=68b25f31&sig=006c57e&sid=459&ppid=68059584&vpid=248130310&ct=offers,,https://octopart.com/click/track?url=https%3A%2F%2Fwww.mouser.com%2FSearch%2FProductDetail.aspx%3Fqs%3D8%252fmU9qzJpL%252fSnsbrLvaHmA%253d%253d%26utm_source%3Doctopart%26utm_medium%3Daggregator%26utm_campaign%3DTPS562201DDCT%26utm_term%3DTPS562201DDCT%26utm_content%3DTexas+Instruments&country=US&ak=68b25f31&sig=032e064&sid=2401&ppid=68059584&ct=offers,https://octopart.com/click/track?c=1&country=US&ak=68b25f31&sig=0b5a711&sid=2402&ppid=68059584&vpid=248621487&ct=offers,https://octopart.com/click/track?country=US&ak=68b25f31&sig=0bb830a&sid=5489&ppid=68059584&vpid=436693277&ct=offers,Arrow,TPS562201DDCT**MULT1,Cut Tape,0.7759,0.7759,77.59,85,1,https://octopart.com/click/track?url=https%3A%2F%2Fwww.arrow.com%2Fen%2Fproducts%2Ftps562201ddct%2Ftexas-instruments&country=US&ak=68b25f31&sig=0377f87&sid=1106&ppid=68059584&ct=offers,
1,AP2204RA-5.0TRG1,Diodes Inc.,AP2204RA-5.0TRG1,https://octopart.com/ap2204ra-5.0trg1-diodes+inc.-30954627,U4,,AP2204RA 5V LDO,100,AP2204RA-5.0TRG1**MULT1,AP2204RA-5.0TRG1DICT-ND,,AP2204RA-5.0TRG1,,AP2204RA-5.0TRG1,Cut Tape,Cut Tape,,,,,0.2147,0.2469,,0.18,,,955,19145,,8005,,955,1,1,,1,,383,https://octopart.com/click/track?country=US&ak=68b25f31&sig=039f47c&sid=1106&ppid=30954627&vpid=343713104&ct=offers,https://octopart.com/click/track?country=US&ak=68b25f31&sig=07247cd&sid=459&ppid=30954627&vpid=95776283&ct=offers,,https://octopart.com/click/track?url=https%3A%2F%2Fwww.mouser.com%2FSearch%2FProductDetail.aspx%3Fqs%3Dx6A8l6qLYDBPMMLBh4icCw%253d%253d%26utm_source%3Doctopart%26utm_medium%3Daggregator%26utm_campaign%3DAP2204RA-5.0TRG1%26utm_term%3DAP2204RA-5.0TRG1%26utm_content%3DDiodes+Incorporated&country=US&ak=68b25f31&sig=0ce55c4&sid=2401&ppid=30954627&ct=offers,,https://octopart.com/click/track?country=US&ak=68b25f31&sig=0210a03&sid=5489&ppid=30954627&vpid=454328479&ct=offers,LCSC,C112030,,0.1285,0.1285,12.85,467,1,https://octopart.com/click/track?country=US&ak=68b25f31&sig=097a884&sid=27971&ppid=30954627&vpid=448095727&ct=offers,
1,PIC16F18325-E/JQ,Microchip,PIC16F18325-E/JQ,https://octopart.com/pic16f18325-e%2Fjq-microchip-61734262,U5,,PIC16F18325-E/JQ_UQFN-16_.65MM_DEV  125C,100,,PIC16F18325-E/JQ-ND,PIC16F18325-E/JQ,PIC16F18325-E/JQ,,,,Tube,Tube,,,,,,0.93,0.93,,,,0,9,0,,,,728,1,,,,,https://octopart.com/click/track?country=US&ak=68b25f31&sig=0d3dcd5&sid=459&ppid=61734262&vpid=232648230&ct=offers,https://octopart.com/click/track?country=US&ak=68b25f31&sig=096e7b0&sid=13798&ppid=61734262&vpid=218193818&ct=offers,https://octopart.com/click/track?country=US&ak=68b25f31&sig=0b06d1f&sid=2401&ppid=61734262&vpid=392381745&ct=offers,,,Mouser,PIC16F18325-E/JQ,,0.93,0.93,93,0,,https://octopart.com/click/track?country=US&ak=68b25f31&sig=0b06d1f&sid=2401&ppid=61734262&vpid=392381745&ct=offers,
